{
    "type": "botanypots:crop",
    "conditions": [
        {
            "type": "forge:mod_loaded",
            "modid": "byg"
        },
        {
            "type": "forge:item_exists",
            "item": "byg:cypress_sapling"
        }
    ],
    "seed": {
        "item": "byg:cypress_sapling"
    },
    "categories": [
        "dirt"
    ],
    "growthTicks": 2400,
    "display": {
        "block": "byg:cypress_sapling"
    },
    "drops": [
        {
            "chance": 0.50,
            "output": {
                "item": "byg:cypress_log"
            },
            "minRolls": 1,
            "maxRolls": 1
        },
        {
            "chance": 0.10,
            "output": {
                "item": "minecraft:stick"
            },
            "minRolls": 1,
            "maxRolls": 2
        },
        {
            "chance": 0.05,
            "output": {
                "item": "byg:cypress_sapling"
            },
            "minRolls": 1,
            "maxRolls": 1
        }
    ]
}