[
  {
    "user": {
      "type": "other",
      "name": "Console"
    },
    "time": 1710569286152,
    "type": "Profiler",
    "data": {
      "type": "url",
      "value": "https://spark.lucko.me/uFrmNGJUB2"
    }
  },
  {
    "user": {
      "type": "other",
      "name": "Console"
    },
    "time": 1710546558307,
    "type": "Profiler",
    "data": {
      "type": "url",
      "value": "https://spark.lucko.me/xdiwdAlSQG"
    }
  },
  {
    "user": {
      "type": "other",
      "name": "Console"
    },
    "time": 1710307266979,
    "type": "Profiler",
    "data": {
      "type": "url",
      "value": "https://spark.lucko.me/qgs88JS2M0"
    }
  }
]