{
	"type": "minecraft:mooshroom",
	"subtypes": [],
	"name": "entity.minecraft.mooshroom",
	"name_color": "0xA81012",
	"gui_scale": 1.0,
	"gui_x_offset": 0.0,
	"gui_y_offset": 0.0,
	"gui_z_offset": 0.0,
	"sim_cost": 64,
	"input": {
	  "item": "hostilenetworks:empty_prediction",
	  "count": 1
	},
	"base_drop": {
	  "item": "hostilenetworks:overworld_prediction",
	  "count": 1
	},
	"trivia": "hostilenetworks.trivia.mooshroom",
	"fabricator_drops": [
	  {
		"item": "minecraft:beef",
		"count": 32
	  },
	  {
		"item": "minecraft:leather",
		"count": 24
	  },
	  {
		"item": "minecraft:red_mushroom",
		"count": 16
	  },
	  {
		"item": "minecraft:brown_mushroom",
		"count": 16
	  }
	],
	"tier_data": [
	  6,
	  54,
	  354,
	  1254
	],
	"data_per_kill": [
	  1,
	  4,
	  10,
	  18
	]
  }