{
  "type": "botanypots:crop",
  "seed": {
      "item": "twilightforest:mangrove_sapling"
  },
  "categories": [
      "dirt"
  ],
  "growthTicks": 2400,
  "display": {
      "block": "twilightforest:mangrove_sapling"
  },
  "drops": [
      {
          "chance": 0.5,
          "output": {
              "item": "twilightforest:mangrove_log"
          },
          "minRolls": 1,
          "maxRolls": 1
      },
      {
          "chance": 0.1,
          "output": {
              "item": "minecraft:stick"
          },
          "minRolls": 1,
          "maxRolls": 2
      },
      {
          "chance": 0.05,
          "output": {
              "item": "twilightforest:liveroot"
          },
          "minRolls": 1,
          "maxRolls": 1
      },
      {
          "chance": 0.05,
          "output": {
              "item": "twilightforest:mangrove_leaves"
          },
          "minRolls": 1,
          "maxRolls": 2
      }
  ]
}